<?xml version="1.0" encoding="utf-8"?>
<data>
    <animal name="Fish" farsiname="ماهی" image="adas-master/image/fish.png" sound="adas-master/sound/silent.mp3" /> 
    <animal name="Rooster" farsiname="خروس" image="adas-master/image/rooster.png" sound="adas-master/sound/rooster.mp3" /> 
    <animal name="Hen" farsiname="مرغ" image="adas-master/image/hen.png" sound="adas-master/sound/hen.wav" /> 
    <animal name="chick" farsiname="جوجه" image="adas-master/image/chick.png" sound="adas-master/sound/chick.mp3" /> 
    <animal name="Deer" farsiname="آهو" image="adas-master/image/deer.png" sound="adas-master/sound/deer.mp3" />
    <animal name="Moose" farsiname="گوزن" image="adas-master/image/moose.png" sound="adas-master/sound/moose.mp3" /> 
    <animal name="Lion" farsiname="شیر" image="adas-master/image/lion.png" sound="adas-master/sound/lion.mp3" /> 
    <animal name="Wolf" farsiname="گرگ" image="adas-master/image/wolf.png" sound="adas-master/sound/wolf.wav" /> 
    <animal name="Fox" farsiname="روباه" image="adas-master/image/fox.png" sound="adas-master/sound/fox.wav" /> 
    <animal name="Camel" farsiname="شتر" image="adas-master/image/Camel.png" sound="adas-master/sound/camel.mp3" />
    <animal name="Bull" farsiname="گاو" image="adas-master/image/bull.png" sound="adas-master/sound/bull.mp3" />
    <animal name="Cow" farsiname="گاو" image="adas-master/image/cow.png" sound="adas-master/sound/cow.mp3" />
    <animal name="Horse" farsiname="اسب" image="adas-master/image/horse.png" sound="adas-master/sound/horse.mp3" /> 
    <animal name="Donkey" farsiname="الاغ" image="adas-master/image/donkey.png" sound="adas-master/sound/donkey.mp3" />
    <animal name="Zebra" farsiname="گورخر" image="adas-master/image/zebra.png" sound="adas-master/sound/zebra.mp3" />
    <animal name="Sheep" farsiname="گوسفند" image="adas-master/image/sheep.png" sound="adas-master/sound/sheep.mp3" /> 
    <animal name="Goat" farsiname="بز" image="adas-master/image/goat.png" sound="adas-master/sound/goat.mp3" />
    <animal name="Dog" farsiname="سگ" image="adas-master/image/dog.png" sound="adas-master/sound/dog.mp3" />
    <animal name="Eagle" farsiname="عقاب" image="adas-master/image/eagle.png" sound="adas-master/sound/eagle.mp3" />
    <animal name="Elephant" farsiname="فیل" image="adas-master/image/elephant.png" sound="adas-master/sound/elephant.mp3" />
    <animal name="Humpbackwhale" farsiname="نهنگ کوژپشت" image="adas-master/image/humpbackwhale.png" sound="adas-master/sound/humpbackwhale.mp3" /> 
    <animal name="Bowheadwhale" farsiname="نهنگ سرگنده" image="adas-master/image/bowheadwhale.png" sound="adas-master/sound/bowheadwhale.mp3" />
    <animal name="Owl" farsiname="جغد" image="adas-master/image/owl.png" sound="adas-master/sound/owl.mp3" /> 
    <animal name="Pig" farsiname="خوک" image="adas-master/image/pig.png" sound="adas-master/sound/pig.mp3" /> 
    <animal name="Cat" farsiname="گربه" image="adas-master/image/cat.png" sound="adas-master/sound/cat.mp3" />
    <animal name="Squirrel" farsiname="سنجاب" image="adas-master/image/squirrel.png" sound="adas-master/sound/squirrel.mp3" /> 
    <animal name="Raccoon" farsiname="راکن" image="adas-master/image/raccoon.png" sound="adas-master/sound/raccoon.mp3" /> 
    <animal name="Turkey" farsiname="بوقلمون" image="adas-master/image/turkey.png" sound="adas-master/sound/turkey.mp3" /> 
    <animal name="Giraffe" farsiname="زرافه" image="adas-master/image/giraffe.png" sound="adas-master/sound/silent.mp3" />
    <animal name="Cricket" farsiname="جیرجیرک" image="adas-master/image/cricket.png" sound="adas-master/sound/cricket.mp3" />
    <animal name="Cicada" farsiname="زنجره" image="adas-master/image/cicadaa.png" sound="adas-master/sound/cicada.mp3" />
    <animal name="Cheetah" farsiname="یوز پلنگ" image="adas-master/image/cheetah.png" sound="adas-master/sound/cheetah.mp3" />
    <animal name="Leopard" farsiname="پلنگ" image="adas-master/image/leopard.png" sound="adas-master/sound/leopard.mp3" />
    <animal name="Jaguar" farsiname="جگوار" image="adas-master/image/jaguar.png" sound="adas-master/sound/jaguar.mp3" />
    <animal name="Tiger" farsiname="ببر" image="adas-master/image/tiger.png" sound="adas-master/sound/tiger.mp3" />
    <animal name="Octopus" farsiname="هشت پا" image="adas-master/image/octopus.png" sound="adas-master/sound/silent.mp3" />
    <animal name="Bee" farsiname="زنبور" image="adas-master/image/bee.png" sound="adas-master/sound/bee.mp3" />
    <animal name="Ostrich" farsiname="شترمرغ" image="adas-master/image/ostrich.png" sound="adas-master/sound/ostrich.mp3" />
</data>